{"cameraMode":{"drawMode":0,"name":"Shaded","section":"Shading Mode"},"sceneLighting":false,"audioPlay":false,"sceneViewState":{"m_AlwaysRefresh":false,"showFog":true,"showSkybox":false,"showFlares":true,"showImageEffects":true,"showParticleSystems":true,"showVisualEffectGraphs":true,"m_FxEnabled":true},"in2DMode":false,"pivot":{"x":-0.004886507987976074,"y":0.9310240149497986,"z":-15.844486236572266},"rotation":{"x":-0.15418270230293275,"y":-0.012750460766255856,"z":0.0019714203663170339,"w":-0.9879801869392395},"size":1.5983961820602418,"orthographic":false}