{"cameraMode":{"drawMode":0,"name":"Shaded","section":"Shading Mode"},"sceneLighting":true,"audioPlay":false,"sceneViewState":{"m_AlwaysRefresh":false,"showFog":true,"showSkybox":true,"showFlares":true,"showImageEffects":true,"showParticleSystems":true,"showVisualEffectGraphs":true,"m_FxEnabled":true},"in2DMode":false,"pivot":{"x":0.10950292646884918,"y":-9.141585350036621,"z":15.310832023620606},"rotation":{"x":0.2753926217556,"y":-0.002884495072066784,"z":0.000826269737444818,"w":0.9613244533538818},"size":11.881061553955079,"orthographic":false}